id,username,first_name,last_name,phone,is_premium,last_online,source_group
0,user__0,User0,Last0,+10000000000,true,1760393173,t.me/+2cYFlwjKuy40NzA0
1,user__1,User1,Last1,,false,1760393173,t.me/+2cYFlwjKuy40NzA0
2,user__2,User2,Last2,,false,1760393173,t.me/+2cYFlwjKuy40NzA0
3,user__3,User3,Last3,,false,1760393173,t.me/+2cYFlwjKuy40NzA0
4,user__4,User4,Last4,,false,1760393173,t.me/+2cYFlwjKuy40NzA0
5,user__5,User5,Last5,+10000000005,false,1760393173,t.me/+2cYFlwjKuy40NzA0
6,user__6,User6,Last6,,false,1760393173,t.me/+2cYFlwjKuy40NzA0
7,user__7,User7,Last7,,false,1760393173,t.me/+2cYFlwjKuy40NzA0
8,user__8,User8,Last8,,false,1760393173,t.me/+2cYFlwjKuy40NzA0
9,user__9,User9,Last9,,false,1760393173,t.me/+2cYFlwjKuy40NzA0
10,user__10,User10,Last10,+10000000010,true,1760393173,t.me/+2cYFlwjKuy40NzA0
11,user__11,User11,Last11,,false,1760393173,t.me/+2cYFlwjKuy40NzA0
12,user__12,User12,Last12,,false,1760393173,t.me/+2cYFlwjKuy40NzA0
13,user__13,User13,Last13,,false,1760393173,t.me/+2cYFlwjKuy40NzA0
14,user__14,User14,Last14,,false,1760393173,t.me/+2cYFlwjKuy40NzA0
15,user__15,User15,Last15,+10000000015,false,1760393173,t.me/+2cYFlwjKuy40NzA0
16,user__16,User16,Last16,,false,1760393173,t.me/+2cYFlwjKuy40NzA0
17,user__17,User17,Last17,,false,1760393173,t.me/+2cYFlwjKuy40NzA0
18,user__18,User18,Last18,,false,1760393173,t.me/+2cYFlwjKuy40NzA0
19,user__19,User19,Last19,,false,1760393173,t.me/+2cYFlwjKuy40NzA0
20,user__20,User20,Last20,+10000000020,true,1760393173,t.me/+2cYFlwjKuy40NzA0
21,user__21,User21,Last21,,false,1760393173,t.me/+2cYFlwjKuy40NzA0
22,user__22,User22,Last22,,false,1760393173,t.me/+2cYFlwjKuy40NzA0
23,user__23,User23,Last23,,false,1760393173,t.me/+2cYFlwjKuy40NzA0
24,user__24,User24,Last24,,false,1760393173,t.me/+2cYFlwjKuy40NzA0
25,user__25,User25,Last25,+10000000025,false,1760393173,t.me/+2cYFlwjKuy40NzA0
26,user__26,User26,Last26,,false,1760393173,t.me/+2cYFlwjKuy40NzA0
27,user__27,User27,Last27,,false,1760393173,t.me/+2cYFlwjKuy40NzA0
28,user__28,User28,Last28,,false,1760393173,t.me/+2cYFlwjKuy40NzA0
29,user__29,User29,Last29,,false,1760393173,t.me/+2cYFlwjKuy40NzA0
30,user__30,User30,Last30,+10000000030,true,1760393173,t.me/+2cYFlwjKuy40NzA0
31,user__31,User31,Last31,,false,1760393173,t.me/+2cYFlwjKuy40NzA0
32,user__32,User32,Last32,,false,1760393173,t.me/+2cYFlwjKuy40NzA0
33,user__33,User33,Last33,,false,1760393173,t.me/+2cYFlwjKuy40NzA0
34,user__34,User34,Last34,,false,1760393173,t.me/+2cYFlwjKuy40NzA0
35,user__35,User35,Last35,+10000000035,false,1760393173,t.me/+2cYFlwjKuy40NzA0
36,user__36,User36,Last36,,false,1760393173,t.me/+2cYFlwjKuy40NzA0
37,user__37,User37,Last37,,false,1760393173,t.me/+2cYFlwjKuy40NzA0
38,user__38,User38,Last38,,false,1760393173,t.me/+2cYFlwjKuy40NzA0
39,user__39,User39,Last39,,false,1760393173,t.me/+2cYFlwjKuy40NzA0
40,user__40,User40,Last40,+10000000040,true,1760393173,t.me/+2cYFlwjKuy40NzA0
41,user__41,User41,Last41,,false,1760393173,t.me/+2cYFlwjKuy40NzA0
42,user__42,User42,Last42,,false,1760393173,t.me/+2cYFlwjKuy40NzA0
43,user__43,User43,Last43,,false,1760393173,t.me/+2cYFlwjKuy40NzA0
44,user__44,User44,Last44,,false,1760393173,t.me/+2cYFlwjKuy40NzA0
45,user__45,User45,Last45,+10000000045,false,1760393173,t.me/+2cYFlwjKuy40NzA0
46,user__46,User46,Last46,,false,1760393173,t.me/+2cYFlwjKuy40NzA0
47,user__47,User47,Last47,,false,1760393173,t.me/+2cYFlwjKuy40NzA0
48,user__48,User48,Last48,,false,1760393173,t.me/+2cYFlwjKuy40NzA0
49,user__49,User49,Last49,,false,1760393173,t.me/+2cYFlwjKuy40NzA0
1000,user_a_0,User0,Last0,+10000000000,true,1760393173,t.me/+2cYFlwjKuy40NzA0
1001,user_a_1,User1,Last1,,false,1760393173,t.me/+2cYFlwjKuy40NzA0
1002,user_a_2,User2,Last2,,false,1760393173,t.me/+2cYFlwjKuy40NzA0
1003,user_a_3,User3,Last3,,false,1760393173,t.me/+2cYFlwjKuy40NzA0
1004,user_a_4,User4,Last4,,false,1760393173,t.me/+2cYFlwjKuy40NzA0
1005,user_a_5,User5,Last5,+10000000005,false,1760393173,t.me/+2cYFlwjKuy40NzA0
1006,user_a_6,User6,Last6,,false,1760393173,t.me/+2cYFlwjKuy40NzA0
1007,user_a_7,User7,Last7,,false,1760393173,t.me/+2cYFlwjKuy40NzA0
1008,user_a_8,User8,Last8,,false,1760393173,t.me/+2cYFlwjKuy40NzA0
1009,user_a_9,User9,Last9,,false,1760393173,t.me/+2cYFlwjKuy40NzA0
1010,user_a_10,User10,Last10,+10000000010,true,1760393173,t.me/+2cYFlwjKuy40NzA0
1011,user_a_11,User11,Last11,,false,1760393173,t.me/+2cYFlwjKuy40NzA0
1012,user_a_12,User12,Last12,,false,1760393173,t.me/+2cYFlwjKuy40NzA0
1013,user_a_13,User13,Last13,,false,1760393173,t.me/+2cYFlwjKuy40NzA0
1014,user_a_14,User14,Last14,,false,1760393173,t.me/+2cYFlwjKuy40NzA0
1015,user_a_15,User15,Last15,+10000000015,false,1760393173,t.me/+2cYFlwjKuy40NzA0
1016,user_a_16,User16,Last16,,false,1760393173,t.me/+2cYFlwjKuy40NzA0
1017,user_a_17,User17,Last17,,false,1760393173,t.me/+2cYFlwjKuy40NzA0
1018,user_a_18,User18,Last18,,false,1760393173,t.me/+2cYFlwjKuy40NzA0
1019,user_a_19,User19,Last19,,false,1760393173,t.me/+2cYFlwjKuy40NzA0
1020,user_a_20,User20,Last20,+10000000020,true,1760393173,t.me/+2cYFlwjKuy40NzA0
1021,user_a_21,User21,Last21,,false,1760393173,t.me/+2cYFlwjKuy40NzA0
1022,user_a_22,User22,Last22,,false,1760393173,t.me/+2cYFlwjKuy40NzA0
1023,user_a_23,User23,Last23,,false,1760393173,t.me/+2cYFlwjKuy40NzA0
1024,user_a_24,User24,Last24,,false,1760393173,t.me/+2cYFlwjKuy40NzA0
1025,user_a_25,User25,Last25,+10000000025,false,1760393173,t.me/+2cYFlwjKuy40NzA0
1026,user_a_26,User26,Last26,,false,1760393173,t.me/+2cYFlwjKuy40NzA0
1027,user_a_27,User27,Last27,,false,1760393173,t.me/+2cYFlwjKuy40NzA0
1028,user_a_28,User28,Last28,,false,1760393173,t.me/+2cYFlwjKuy40NzA0
1029,user_a_29,User29,Last29,,false,1760393173,t.me/+2cYFlwjKuy40NzA0
1030,user_a_30,User30,Last30,+10000000030,true,1760393173,t.me/+2cYFlwjKuy40NzA0
1031,user_a_31,User31,Last31,,false,1760393173,t.me/+2cYFlwjKuy40NzA0
1032,user_a_32,User32,Last32,,false,1760393173,t.me/+2cYFlwjKuy40NzA0
1033,user_a_33,User33,Last33,,false,1760393173,t.me/+2cYFlwjKuy40NzA0
1034,user_a_34,User34,Last34,,false,1760393173,t.me/+2cYFlwjKuy40NzA0
1035,user_a_35,User35,Last35,+10000000035,false,1760393173,t.me/+2cYFlwjKuy40NzA0
1036,user_a_36,User36,Last36,,false,1760393173,t.me/+2cYFlwjKuy40NzA0
1037,user_a_37,User37,Last37,,false,1760393173,t.me/+2cYFlwjKuy40NzA0
1038,user_a_38,User38,Last38,,false,1760393173,t.me/+2cYFlwjKuy40NzA0
1039,user_a_39,User39,Last39,,false,1760393173,t.me/+2cYFlwjKuy40NzA0
1040,user_a_40,User40,Last40,+10000000040,true,1760393173,t.me/+2cYFlwjKuy40NzA0
1041,user_a_41,User41,Last41,,false,1760393173,t.me/+2cYFlwjKuy40NzA0
1042,user_a_42,User42,Last42,,false,1760393173,t.me/+2cYFlwjKuy40NzA0
1043,user_a_43,User43,Last43,,false,1760393173,t.me/+2cYFlwjKuy40NzA0
1044,user_a_44,User44,Last44,,false,1760393173,t.me/+2cYFlwjKuy40NzA0
1045,user_a_45,User45,Last45,+10000000045,false,1760393173,t.me/+2cYFlwjKuy40NzA0
1046,user_a_46,User46,Last46,,false,1760393173,t.me/+2cYFlwjKuy40NzA0
1047,user_a_47,User47,Last47,,false,1760393173,t.me/+2cYFlwjKuy40NzA0
1048,user_a_48,User48,Last48,,false,1760393173,t.me/+2cYFlwjKuy40NzA0
1049,user_a_49,User49,Last49,,false,1760393173,t.me/+2cYFlwjKuy40NzA0
2000,user_e_0,User0,Last0,+10000000000,true,1760393173,t.me/+2cYFlwjKuy40NzA0
2001,user_e_1,User1,Last1,,false,1760393173,t.me/+2cYFlwjKuy40NzA0
2002,user_e_2,User2,Last2,,false,1760393173,t.me/+2cYFlwjKuy40NzA0
2003,user_e_3,User3,Last3,,false,1760393173,t.me/+2cYFlwjKuy40NzA0
2004,user_e_4,User4,Last4,,false,1760393173,t.me/+2cYFlwjKuy40NzA0
2005,user_e_5,User5,Last5,+10000000005,false,1760393173,t.me/+2cYFlwjKuy40NzA0
2006,user_e_6,User6,Last6,,false,1760393173,t.me/+2cYFlwjKuy40NzA0
2007,user_e_7,User7,Last7,,false,1760393173,t.me/+2cYFlwjKuy40NzA0
2008,user_e_8,User8,Last8,,false,1760393173,t.me/+2cYFlwjKuy40NzA0
2009,user_e_9,User9,Last9,,false,1760393173,t.me/+2cYFlwjKuy40NzA0
2010,user_e_10,User10,Last10,+10000000010,true,1760393173,t.me/+2cYFlwjKuy40NzA0
2011,user_e_11,User11,Last11,,false,1760393173,t.me/+2cYFlwjKuy40NzA0
2012,user_e_12,User12,Last12,,false,1760393173,t.me/+2cYFlwjKuy40NzA0
2013,user_e_13,User13,Last13,,false,1760393173,t.me/+2cYFlwjKuy40NzA0
2014,user_e_14,User14,Last14,,false,1760393173,t.me/+2cYFlwjKuy40NzA0
2015,user_e_15,User15,Last15,+10000000015,false,1760393173,t.me/+2cYFlwjKuy40NzA0
2016,user_e_16,User16,Last16,,false,1760393173,t.me/+2cYFlwjKuy40NzA0
2017,user_e_17,User17,Last17,,false,1760393173,t.me/+2cYFlwjKuy40NzA0
2018,user_e_18,User18,Last18,,false,1760393173,t.me/+2cYFlwjKuy40NzA0
2019,user_e_19,User19,Last19,,false,1760393173,t.me/+2cYFlwjKuy40NzA0
2020,user_e_20,User20,Last20,+10000000020,true,1760393173,t.me/+2cYFlwjKuy40NzA0
2021,user_e_21,User21,Last21,,false,1760393173,t.me/+2cYFlwjKuy40NzA0
2022,user_e_22,User22,Last22,,false,1760393173,t.me/+2cYFlwjKuy40NzA0
2023,user_e_23,User23,Last23,,false,1760393173,t.me/+2cYFlwjKuy40NzA0
2024,user_e_24,User24,Last24,,false,1760393173,t.me/+2cYFlwjKuy40NzA0
2025,user_e_25,User25,Last25,+10000000025,false,1760393173,t.me/+2cYFlwjKuy40NzA0
2026,user_e_26,User26,Last26,,false,1760393173,t.me/+2cYFlwjKuy40NzA0
2027,user_e_27,User27,Last27,,false,1760393173,t.me/+2cYFlwjKuy40NzA0
2028,user_e_28,User28,Last28,,false,1760393173,t.me/+2cYFlwjKuy40NzA0
2029,user_e_29,User29,Last29,,false,1760393173,t.me/+2cYFlwjKuy40NzA0
2030,user_e_30,User30,Last30,+10000000030,true,1760393173,t.me/+2cYFlwjKuy40NzA0
2031,user_e_31,User31,Last31,,false,1760393173,t.me/+2cYFlwjKuy40NzA0
2032,user_e_32,User32,Last32,,false,1760393173,t.me/+2cYFlwjKuy40NzA0
2033,user_e_33,User33,Last33,,false,1760393173,t.me/+2cYFlwjKuy40NzA0
2034,user_e_34,User34,Last34,,false,1760393173,t.me/+2cYFlwjKuy40NzA0
2035,user_e_35,User35,Last35,+10000000035,false,1760393173,t.me/+2cYFlwjKuy40NzA0
2036,user_e_36,User36,Last36,,false,1760393173,t.me/+2cYFlwjKuy40NzA0
2037,user_e_37,User37,Last37,,false,1760393173,t.me/+2cYFlwjKuy40NzA0
2038,user_e_38,User38,Last38,,false,1760393173,t.me/+2cYFlwjKuy40NzA0
2039,user_e_39,User39,Last39,,false,1760393173,t.me/+2cYFlwjKuy40NzA0
2040,user_e_40,User40,Last40,+10000000040,true,1760393173,t.me/+2cYFlwjKuy40NzA0
2041,user_e_41,User41,Last41,,false,1760393173,t.me/+2cYFlwjKuy40NzA0
2042,user_e_42,User42,Last42,,false,1760393173,t.me/+2cYFlwjKuy40NzA0
2043,user_e_43,User43,Last43,,false,1760393173,t.me/+2cYFlwjKuy40NzA0
2044,user_e_44,User44,Last44,,false,1760393173,t.me/+2cYFlwjKuy40NzA0
2045,user_e_45,User45,Last45,+10000000045,false,1760393173,t.me/+2cYFlwjKuy40NzA0
2046,user_e_46,User46,Last46,,false,1760393173,t.me/+2cYFlwjKuy40NzA0
2047,user_e_47,User47,Last47,,false,1760393173,t.me/+2cYFlwjKuy40NzA0
2048,user_e_48,User48,Last48,,false,1760393173,t.me/+2cYFlwjKuy40NzA0
2049,user_e_49,User49,Last49,,false,1760393173,t.me/+2cYFlwjKuy40NzA0
3000,user_i_0,User0,Last0,+10000000000,true,1760393174,t.me/+2cYFlwjKuy40NzA0
3001,user_i_1,User1,Last1,,false,1760393174,t.me/+2cYFlwjKuy40NzA0
3002,user_i_2,User2,Last2,,false,1760393174,t.me/+2cYFlwjKuy40NzA0
3003,user_i_3,User3,Last3,,false,1760393174,t.me/+2cYFlwjKuy40NzA0
3004,user_i_4,User4,Last4,,false,1760393174,t.me/+2cYFlwjKuy40NzA0
3005,user_i_5,User5,Last5,+10000000005,false,1760393174,t.me/+2cYFlwjKuy40NzA0
3006,user_i_6,User6,Last6,,false,1760393174,t.me/+2cYFlwjKuy40NzA0
3007,user_i_7,User7,Last7,,false,1760393174,t.me/+2cYFlwjKuy40NzA0
3008,user_i_8,User8,Last8,,false,1760393174,t.me/+2cYFlwjKuy40NzA0
3009,user_i_9,User9,Last9,,false,1760393174,t.me/+2cYFlwjKuy40NzA0
3010,user_i_10,User10,Last10,+10000000010,true,1760393174,t.me/+2cYFlwjKuy40NzA0
3011,user_i_11,User11,Last11,,false,1760393174,t.me/+2cYFlwjKuy40NzA0
3012,user_i_12,User12,Last12,,false,1760393174,t.me/+2cYFlwjKuy40NzA0
3013,user_i_13,User13,Last13,,false,1760393174,t.me/+2cYFlwjKuy40NzA0
3014,user_i_14,User14,Last14,,false,1760393174,t.me/+2cYFlwjKuy40NzA0
3015,user_i_15,User15,Last15,+10000000015,false,1760393174,t.me/+2cYFlwjKuy40NzA0
3016,user_i_16,User16,Last16,,false,1760393174,t.me/+2cYFlwjKuy40NzA0
3017,user_i_17,User17,Last17,,false,1760393174,t.me/+2cYFlwjKuy40NzA0
3018,user_i_18,User18,Last18,,false,1760393174,t.me/+2cYFlwjKuy40NzA0
3019,user_i_19,User19,Last19,,false,1760393174,t.me/+2cYFlwjKuy40NzA0
3020,user_i_20,User20,Last20,+10000000020,true,1760393174,t.me/+2cYFlwjKuy40NzA0
3021,user_i_21,User21,Last21,,false,1760393174,t.me/+2cYFlwjKuy40NzA0
3022,user_i_22,User22,Last22,,false,1760393174,t.me/+2cYFlwjKuy40NzA0
3023,user_i_23,User23,Last23,,false,1760393174,t.me/+2cYFlwjKuy40NzA0
3024,user_i_24,User24,Last24,,false,1760393174,t.me/+2cYFlwjKuy40NzA0
3025,user_i_25,User25,Last25,+10000000025,false,1760393174,t.me/+2cYFlwjKuy40NzA0
3026,user_i_26,User26,Last26,,false,1760393174,t.me/+2cYFlwjKuy40NzA0
3027,user_i_27,User27,Last27,,false,1760393174,t.me/+2cYFlwjKuy40NzA0
3028,user_i_28,User28,Last28,,false,1760393174,t.me/+2cYFlwjKuy40NzA0
3029,user_i_29,User29,Last29,,false,1760393174,t.me/+2cYFlwjKuy40NzA0
3030,user_i_30,User30,Last30,+10000000030,true,1760393174,t.me/+2cYFlwjKuy40NzA0
3031,user_i_31,User31,Last31,,false,1760393174,t.me/+2cYFlwjKuy40NzA0
3032,user_i_32,User32,Last32,,false,1760393174,t.me/+2cYFlwjKuy40NzA0
3033,user_i_33,User33,Last33,,false,1760393174,t.me/+2cYFlwjKuy40NzA0
3034,user_i_34,User34,Last34,,false,1760393174,t.me/+2cYFlwjKuy40NzA0
3035,user_i_35,User35,Last35,+10000000035,false,1760393174,t.me/+2cYFlwjKuy40NzA0
3036,user_i_36,User36,Last36,,false,1760393174,t.me/+2cYFlwjKuy40NzA0
3037,user_i_37,User37,Last37,,false,1760393174,t.me/+2cYFlwjKuy40NzA0
3038,user_i_38,User38,Last38,,false,1760393174,t.me/+2cYFlwjKuy40NzA0
3039,user_i_39,User39,Last39,,false,1760393174,t.me/+2cYFlwjKuy40NzA0
3040,user_i_40,User40,Last40,+10000000040,true,1760393174,t.me/+2cYFlwjKuy40NzA0
3041,user_i_41,User41,Last41,,false,1760393174,t.me/+2cYFlwjKuy40NzA0
3042,user_i_42,User42,Last42,,false,1760393174,t.me/+2cYFlwjKuy40NzA0
3043,user_i_43,User43,Last43,,false,1760393174,t.me/+2cYFlwjKuy40NzA0
3044,user_i_44,User44,Last44,,false,1760393174,t.me/+2cYFlwjKuy40NzA0
3045,user_i_45,User45,Last45,+10000000045,false,1760393174,t.me/+2cYFlwjKuy40NzA0
3046,user_i_46,User46,Last46,,false,1760393174,t.me/+2cYFlwjKuy40NzA0
3047,user_i_47,User47,Last47,,false,1760393174,t.me/+2cYFlwjKuy40NzA0
3048,user_i_48,User48,Last48,,false,1760393174,t.me/+2cYFlwjKuy40NzA0
3049,user_i_49,User49,Last49,,false,1760393174,t.me/+2cYFlwjKuy40NzA0
4000,user_o_0,User0,Last0,+10000000000,true,1760393174,t.me/+2cYFlwjKuy40NzA0
4001,user_o_1,User1,Last1,,false,1760393174,t.me/+2cYFlwjKuy40NzA0
4002,user_o_2,User2,Last2,,false,1760393174,t.me/+2cYFlwjKuy40NzA0
4003,user_o_3,User3,Last3,,false,1760393174,t.me/+2cYFlwjKuy40NzA0
4004,user_o_4,User4,Last4,,false,1760393174,t.me/+2cYFlwjKuy40NzA0
4005,user_o_5,User5,Last5,+10000000005,false,1760393174,t.me/+2cYFlwjKuy40NzA0
4006,user_o_6,User6,Last6,,false,1760393174,t.me/+2cYFlwjKuy40NzA0
4007,user_o_7,User7,Last7,,false,1760393174,t.me/+2cYFlwjKuy40NzA0
4008,user_o_8,User8,Last8,,false,1760393174,t.me/+2cYFlwjKuy40NzA0
4009,user_o_9,User9,Last9,,false,1760393174,t.me/+2cYFlwjKuy40NzA0
4010,user_o_10,User10,Last10,+10000000010,true,1760393174,t.me/+2cYFlwjKuy40NzA0
4011,user_o_11,User11,Last11,,false,1760393174,t.me/+2cYFlwjKuy40NzA0
4012,user_o_12,User12,Last12,,false,1760393174,t.me/+2cYFlwjKuy40NzA0
4013,user_o_13,User13,Last13,,false,1760393174,t.me/+2cYFlwjKuy40NzA0
4014,user_o_14,User14,Last14,,false,1760393174,t.me/+2cYFlwjKuy40NzA0
4015,user_o_15,User15,Last15,+10000000015,false,1760393174,t.me/+2cYFlwjKuy40NzA0
4016,user_o_16,User16,Last16,,false,1760393174,t.me/+2cYFlwjKuy40NzA0
4017,user_o_17,User17,Last17,,false,1760393174,t.me/+2cYFlwjKuy40NzA0
4018,user_o_18,User18,Last18,,false,1760393174,t.me/+2cYFlwjKuy40NzA0
4019,user_o_19,User19,Last19,,false,1760393174,t.me/+2cYFlwjKuy40NzA0
4020,user_o_20,User20,Last20,+10000000020,true,1760393174,t.me/+2cYFlwjKuy40NzA0
4021,user_o_21,User21,Last21,,false,1760393174,t.me/+2cYFlwjKuy40NzA0
4022,user_o_22,User22,Last22,,false,1760393174,t.me/+2cYFlwjKuy40NzA0
4023,user_o_23,User23,Last23,,false,1760393174,t.me/+2cYFlwjKuy40NzA0
4024,user_o_24,User24,Last24,,false,1760393174,t.me/+2cYFlwjKuy40NzA0
4025,user_o_25,User25,Last25,+10000000025,false,1760393174,t.me/+2cYFlwjKuy40NzA0
4026,user_o_26,User26,Last26,,false,1760393174,t.me/+2cYFlwjKuy40NzA0
4027,user_o_27,User27,Last27,,false,1760393174,t.me/+2cYFlwjKuy40NzA0
4028,user_o_28,User28,Last28,,false,1760393174,t.me/+2cYFlwjKuy40NzA0
4029,user_o_29,User29,Last29,,false,1760393174,t.me/+2cYFlwjKuy40NzA0
4030,user_o_30,User30,Last30,+10000000030,true,1760393174,t.me/+2cYFlwjKuy40NzA0
4031,user_o_31,User31,Last31,,false,1760393174,t.me/+2cYFlwjKuy40NzA0
4032,user_o_32,User32,Last32,,false,1760393174,t.me/+2cYFlwjKuy40NzA0
4033,user_o_33,User33,Last33,,false,1760393174,t.me/+2cYFlwjKuy40NzA0
4034,user_o_34,User34,Last34,,false,1760393174,t.me/+2cYFlwjKuy40NzA0
4035,user_o_35,User35,Last35,+10000000035,false,1760393174,t.me/+2cYFlwjKuy40NzA0
4036,user_o_36,User36,Last36,,false,1760393174,t.me/+2cYFlwjKuy40NzA0
4037,user_o_37,User37,Last37,,false,1760393174,t.me/+2cYFlwjKuy40NzA0
4038,user_o_38,User38,Last38,,false,1760393174,t.me/+2cYFlwjKuy40NzA0
4039,user_o_39,User39,Last39,,false,1760393174,t.me/+2cYFlwjKuy40NzA0
4040,user_o_40,User40,Last40,+10000000040,true,1760393174,t.me/+2cYFlwjKuy40NzA0
4041,user_o_41,User41,Last41,,false,1760393174,t.me/+2cYFlwjKuy40NzA0
4042,user_o_42,User42,Last42,,false,1760393174,t.me/+2cYFlwjKuy40NzA0
4043,user_o_43,User43,Last43,,false,1760393174,t.me/+2cYFlwjKuy40NzA0
4044,user_o_44,User44,Last44,,false,1760393174,t.me/+2cYFlwjKuy40NzA0
4045,user_o_45,User45,Last45,+10000000045,false,1760393174,t.me/+2cYFlwjKuy40NzA0
4046,user_o_46,User46,Last46,,false,1760393174,t.me/+2cYFlwjKuy40NzA0
4047,user_o_47,User47,Last47,,false,1760393174,t.me/+2cYFlwjKuy40NzA0
4048,user_o_48,User48,Last48,,false,1760393174,t.me/+2cYFlwjKuy40NzA0
4049,user_o_49,User49,Last49,,false,1760393174,t.me/+2cYFlwjKuy40NzA0
5000,user_u_0,User0,Last0,+10000000000,true,1760393174,t.me/+2cYFlwjKuy40NzA0
5001,user_u_1,User1,Last1,,false,1760393174,t.me/+2cYFlwjKuy40NzA0
5002,user_u_2,User2,Last2,,false,1760393174,t.me/+2cYFlwjKuy40NzA0
5003,user_u_3,User3,Last3,,false,1760393174,t.me/+2cYFlwjKuy40NzA0
5004,user_u_4,User4,Last4,,false,1760393174,t.me/+2cYFlwjKuy40NzA0
5005,user_u_5,User5,Last5,+10000000005,false,1760393174,t.me/+2cYFlwjKuy40NzA0
5006,user_u_6,User6,Last6,,false,1760393174,t.me/+2cYFlwjKuy40NzA0
5007,user_u_7,User7,Last7,,false,1760393174,t.me/+2cYFlwjKuy40NzA0
5008,user_u_8,User8,Last8,,false,1760393174,t.me/+2cYFlwjKuy40NzA0
5009,user_u_9,User9,Last9,,false,1760393174,t.me/+2cYFlwjKuy40NzA0
5010,user_u_10,User10,Last10,+10000000010,true,1760393174,t.me/+2cYFlwjKuy40NzA0
5011,user_u_11,User11,Last11,,false,1760393174,t.me/+2cYFlwjKuy40NzA0
5012,user_u_12,User12,Last12,,false,1760393174,t.me/+2cYFlwjKuy40NzA0
5013,user_u_13,User13,Last13,,false,1760393174,t.me/+2cYFlwjKuy40NzA0
5014,user_u_14,User14,Last14,,false,1760393174,t.me/+2cYFlwjKuy40NzA0
5015,user_u_15,User15,Last15,+10000000015,false,1760393174,t.me/+2cYFlwjKuy40NzA0
5016,user_u_16,User16,Last16,,false,1760393174,t.me/+2cYFlwjKuy40NzA0
5017,user_u_17,User17,Last17,,false,1760393174,t.me/+2cYFlwjKuy40NzA0
5018,user_u_18,User18,Last18,,false,1760393174,t.me/+2cYFlwjKuy40NzA0
5019,user_u_19,User19,Last19,,false,1760393174,t.me/+2cYFlwjKuy40NzA0
5020,user_u_20,User20,Last20,+10000000020,true,1760393174,t.me/+2cYFlwjKuy40NzA0
5021,user_u_21,User21,Last21,,false,1760393174,t.me/+2cYFlwjKuy40NzA0
5022,user_u_22,User22,Last22,,false,1760393174,t.me/+2cYFlwjKuy40NzA0
5023,user_u_23,User23,Last23,,false,1760393174,t.me/+2cYFlwjKuy40NzA0
5024,user_u_24,User24,Last24,,false,1760393174,t.me/+2cYFlwjKuy40NzA0
5025,user_u_25,User25,Last25,+10000000025,false,1760393174,t.me/+2cYFlwjKuy40NzA0
5026,user_u_26,User26,Last26,,false,1760393174,t.me/+2cYFlwjKuy40NzA0
5027,user_u_27,User27,Last27,,false,1760393174,t.me/+2cYFlwjKuy40NzA0
5028,user_u_28,User28,Last28,,false,1760393174,t.me/+2cYFlwjKuy40NzA0
5029,user_u_29,User29,Last29,,false,1760393174,t.me/+2cYFlwjKuy40NzA0
5030,user_u_30,User30,Last30,+10000000030,true,1760393174,t.me/+2cYFlwjKuy40NzA0
5031,user_u_31,User31,Last31,,false,1760393174,t.me/+2cYFlwjKuy40NzA0
5032,user_u_32,User32,Last32,,false,1760393174,t.me/+2cYFlwjKuy40NzA0
5033,user_u_33,User33,Last33,,false,1760393174,t.me/+2cYFlwjKuy40NzA0
5034,user_u_34,User34,Last34,,false,1760393174,t.me/+2cYFlwjKuy40NzA0
5035,user_u_35,User35,Last35,+10000000035,false,1760393174,t.me/+2cYFlwjKuy40NzA0
5036,user_u_36,User36,Last36,,false,1760393174,t.me/+2cYFlwjKuy40NzA0
5037,user_u_37,User37,Last37,,false,1760393174,t.me/+2cYFlwjKuy40NzA0
5038,user_u_38,User38,Last38,,false,1760393174,t.me/+2cYFlwjKuy40NzA0
5039,user_u_39,User39,Last39,,false,1760393174,t.me/+2cYFlwjKuy40NzA0
5040,user_u_40,User40,Last40,+10000000040,true,1760393174,t.me/+2cYFlwjKuy40NzA0
5041,user_u_41,User41,Last41,,false,1760393174,t.me/+2cYFlwjKuy40NzA0
5042,user_u_42,User42,Last42,,false,1760393174,t.me/+2cYFlwjKuy40NzA0
5043,user_u_43,User43,Last43,,false,1760393174,t.me/+2cYFlwjKuy40NzA0
5044,user_u_44,User44,Last44,,false,1760393174,t.me/+2cYFlwjKuy40NzA0
5045,user_u_45,User45,Last45,+10000000045,false,1760393174,t.me/+2cYFlwjKuy40NzA0
5046,user_u_46,User46,Last46,,false,1760393174,t.me/+2cYFlwjKuy40NzA0
5047,user_u_47,User47,Last47,,false,1760393174,t.me/+2cYFlwjKuy40NzA0
5048,user_u_48,User48,Last48,,false,1760393174,t.me/+2cYFlwjKuy40NzA0
5049,user_u_49,User49,Last49,,false,1760393174,t.me/+2cYFlwjKuy40NzA0
6000,user_s_0,User0,Last0,+10000000000,true,1760393174,t.me/+2cYFlwjKuy40NzA0
6001,user_s_1,User1,Last1,,false,1760393174,t.me/+2cYFlwjKuy40NzA0
6002,user_s_2,User2,Last2,,false,1760393174,t.me/+2cYFlwjKuy40NzA0
6003,user_s_3,User3,Last3,,false,1760393174,t.me/+2cYFlwjKuy40NzA0
6004,user_s_4,User4,Last4,,false,1760393174,t.me/+2cYFlwjKuy40NzA0
6005,user_s_5,User5,Last5,+10000000005,false,1760393174,t.me/+2cYFlwjKuy40NzA0
6006,user_s_6,User6,Last6,,false,1760393174,t.me/+2cYFlwjKuy40NzA0
6007,user_s_7,User7,Last7,,false,1760393174,t.me/+2cYFlwjKuy40NzA0
6008,user_s_8,User8,Last8,,false,1760393174,t.me/+2cYFlwjKuy40NzA0
6009,user_s_9,User9,Last9,,false,1760393174,t.me/+2cYFlwjKuy40NzA0
6010,user_s_10,User10,Last10,+10000000010,true,1760393174,t.me/+2cYFlwjKuy40NzA0
6011,user_s_11,User11,Last11,,false,1760393174,t.me/+2cYFlwjKuy40NzA0
6012,user_s_12,User12,Last12,,false,1760393174,t.me/+2cYFlwjKuy40NzA0
6013,user_s_13,User13,Last13,,false,1760393174,t.me/+2cYFlwjKuy40NzA0
6014,user_s_14,User14,Last14,,false,1760393174,t.me/+2cYFlwjKuy40NzA0
6015,user_s_15,User15,Last15,+10000000015,false,1760393174,t.me/+2cYFlwjKuy40NzA0
6016,user_s_16,User16,Last16,,false,1760393174,t.me/+2cYFlwjKuy40NzA0
6017,user_s_17,User17,Last17,,false,1760393174,t.me/+2cYFlwjKuy40NzA0
6018,user_s_18,User18,Last18,,false,1760393174,t.me/+2cYFlwjKuy40NzA0
6019,user_s_19,User19,Last19,,false,1760393174,t.me/+2cYFlwjKuy40NzA0
6020,user_s_20,User20,Last20,+10000000020,true,1760393174,t.me/+2cYFlwjKuy40NzA0
6021,user_s_21,User21,Last21,,false,1760393174,t.me/+2cYFlwjKuy40NzA0
6022,user_s_22,User22,Last22,,false,1760393174,t.me/+2cYFlwjKuy40NzA0
6023,user_s_23,User23,Last23,,false,1760393174,t.me/+2cYFlwjKuy40NzA0
6024,user_s_24,User24,Last24,,false,1760393174,t.me/+2cYFlwjKuy40NzA0
6025,user_s_25,User25,Last25,+10000000025,false,1760393174,t.me/+2cYFlwjKuy40NzA0
6026,user_s_26,User26,Last26,,false,1760393174,t.me/+2cYFlwjKuy40NzA0
6027,user_s_27,User27,Last27,,false,1760393174,t.me/+2cYFlwjKuy40NzA0
6028,user_s_28,User28,Last28,,false,1760393174,t.me/+2cYFlwjKuy40NzA0
6029,user_s_29,User29,Last29,,false,1760393174,t.me/+2cYFlwjKuy40NzA0
6030,user_s_30,User30,Last30,+10000000030,true,1760393174,t.me/+2cYFlwjKuy40NzA0
6031,user_s_31,User31,Last31,,false,1760393174,t.me/+2cYFlwjKuy40NzA0
6032,user_s_32,User32,Last32,,false,1760393174,t.me/+2cYFlwjKuy40NzA0
6033,user_s_33,User33,Last33,,false,1760393174,t.me/+2cYFlwjKuy40NzA0
6034,user_s_34,User34,Last34,,false,1760393174,t.me/+2cYFlwjKuy40NzA0
6035,user_s_35,User35,Last35,+10000000035,false,1760393174,t.me/+2cYFlwjKuy40NzA0
6036,user_s_36,User36,Last36,,false,1760393174,t.me/+2cYFlwjKuy40NzA0
6037,user_s_37,User37,Last37,,false,1760393174,t.me/+2cYFlwjKuy40NzA0
6038,user_s_38,User38,Last38,,false,1760393174,t.me/+2cYFlwjKuy40NzA0
6039,user_s_39,User39,Last39,,false,1760393174,t.me/+2cYFlwjKuy40NzA0
6040,user_s_40,User40,Last40,+10000000040,true,1760393174,t.me/+2cYFlwjKuy40NzA0
6041,user_s_41,User41,Last41,,false,1760393174,t.me/+2cYFlwjKuy40NzA0
6042,user_s_42,User42,Last42,,false,1760393174,t.me/+2cYFlwjKuy40NzA0
6043,user_s_43,User43,Last43,,false,1760393174,t.me/+2cYFlwjKuy40NzA0
6044,user_s_44,User44,Last44,,false,1760393174,t.me/+2cYFlwjKuy40NzA0
6045,user_s_45,User45,Last45,+10000000045,false,1760393174,t.me/+2cYFlwjKuy40NzA0
6046,user_s_46,User46,Last46,,false,1760393174,t.me/+2cYFlwjKuy40NzA0
6047,user_s_47,User47,Last47,,false,1760393174,t.me/+2cYFlwjKuy40NzA0
6048,user_s_48,User48,Last48,,false,1760393174,t.me/+2cYFlwjKuy40NzA0
6049,user_s_49,User49,Last49,,false,1760393174,t.me/+2cYFlwjKuy40NzA0
7000,user_t_0,User0,Last0,+10000000000,true,1760393174,t.me/+2cYFlwjKuy40NzA0
7001,user_t_1,User1,Last1,,false,1760393174,t.me/+2cYFlwjKuy40NzA0
7002,user_t_2,User2,Last2,,false,1760393174,t.me/+2cYFlwjKuy40NzA0
7003,user_t_3,User3,Last3,,false,1760393174,t.me/+2cYFlwjKuy40NzA0
7004,user_t_4,User4,Last4,,false,1760393174,t.me/+2cYFlwjKuy40NzA0
7005,user_t_5,User5,Last5,+10000000005,false,1760393174,t.me/+2cYFlwjKuy40NzA0
7006,user_t_6,User6,Last6,,false,1760393174,t.me/+2cYFlwjKuy40NzA0
7007,user_t_7,User7,Last7,,false,1760393174,t.me/+2cYFlwjKuy40NzA0
7008,user_t_8,User8,Last8,,false,1760393174,t.me/+2cYFlwjKuy40NzA0
7009,user_t_9,User9,Last9,,false,1760393174,t.me/+2cYFlwjKuy40NzA0
7010,user_t_10,User10,Last10,+10000000010,true,1760393174,t.me/+2cYFlwjKuy40NzA0
7011,user_t_11,User11,Last11,,false,1760393174,t.me/+2cYFlwjKuy40NzA0
7012,user_t_12,User12,Last12,,false,1760393174,t.me/+2cYFlwjKuy40NzA0
7013,user_t_13,User13,Last13,,false,1760393174,t.me/+2cYFlwjKuy40NzA0
7014,user_t_14,User14,Last14,,false,1760393174,t.me/+2cYFlwjKuy40NzA0
7015,user_t_15,User15,Last15,+10000000015,false,1760393174,t.me/+2cYFlwjKuy40NzA0
7016,user_t_16,User16,Last16,,false,1760393174,t.me/+2cYFlwjKuy40NzA0
7017,user_t_17,User17,Last17,,false,1760393174,t.me/+2cYFlwjKuy40NzA0
7018,user_t_18,User18,Last18,,false,1760393174,t.me/+2cYFlwjKuy40NzA0
7019,user_t_19,User19,Last19,,false,1760393174,t.me/+2cYFlwjKuy40NzA0
7020,user_t_20,User20,Last20,+10000000020,true,1760393174,t.me/+2cYFlwjKuy40NzA0
7021,user_t_21,User21,Last21,,false,1760393174,t.me/+2cYFlwjKuy40NzA0
7022,user_t_22,User22,Last22,,false,1760393174,t.me/+2cYFlwjKuy40NzA0
7023,user_t_23,User23,Last23,,false,1760393174,t.me/+2cYFlwjKuy40NzA0
7024,user_t_24,User24,Last24,,false,1760393174,t.me/+2cYFlwjKuy40NzA0
7025,user_t_25,User25,Last25,+10000000025,false,1760393174,t.me/+2cYFlwjKuy40NzA0
7026,user_t_26,User26,Last26,,false,1760393174,t.me/+2cYFlwjKuy40NzA0
7027,user_t_27,User27,Last27,,false,1760393174,t.me/+2cYFlwjKuy40NzA0
7028,user_t_28,User28,Last28,,false,1760393174,t.me/+2cYFlwjKuy40NzA0
7029,user_t_29,User29,Last29,,false,1760393174,t.me/+2cYFlwjKuy40NzA0
7030,user_t_30,User30,Last30,+10000000030,true,1760393174,t.me/+2cYFlwjKuy40NzA0
7031,user_t_31,User31,Last31,,false,1760393174,t.me/+2cYFlwjKuy40NzA0
7032,user_t_32,User32,Last32,,false,1760393174,t.me/+2cYFlwjKuy40NzA0
7033,user_t_33,User33,Last33,,false,1760393174,t.me/+2cYFlwjKuy40NzA0
7034,user_t_34,User34,Last34,,false,1760393174,t.me/+2cYFlwjKuy40NzA0
7035,user_t_35,User35,Last35,+10000000035,false,1760393174,t.me/+2cYFlwjKuy40NzA0
7036,user_t_36,User36,Last36,,false,1760393174,t.me/+2cYFlwjKuy40NzA0
7037,user_t_37,User37,Last37,,false,1760393174,t.me/+2cYFlwjKuy40NzA0
7038,user_t_38,User38,Last38,,false,1760393174,t.me/+2cYFlwjKuy40NzA0
7039,user_t_39,User39,Last39,,false,1760393174,t.me/+2cYFlwjKuy40NzA0
7040,user_t_40,User40,Last40,+10000000040,true,1760393174,t.me/+2cYFlwjKuy40NzA0
7041,user_t_41,User41,Last41,,false,1760393174,t.me/+2cYFlwjKuy40NzA0
7042,user_t_42,User42,Last42,,false,1760393174,t.me/+2cYFlwjKuy40NzA0
7043,user_t_43,User43,Last43,,false,1760393174,t.me/+2cYFlwjKuy40NzA0
7044,user_t_44,User44,Last44,,false,1760393174,t.me/+2cYFlwjKuy40NzA0
7045,user_t_45,User45,Last45,+10000000045,false,1760393174,t.me/+2cYFlwjKuy40NzA0
7046,user_t_46,User46,Last46,,false,1760393174,t.me/+2cYFlwjKuy40NzA0
7047,user_t_47,User47,Last47,,false,1760393174,t.me/+2cYFlwjKuy40NzA0
7048,user_t_48,User48,Last48,,false,1760393174,t.me/+2cYFlwjKuy40NzA0
7049,user_t_49,User49,Last49,,false,1760393174,t.me/+2cYFlwjKuy40NzA0
8000,user_n_0,User0,Last0,+10000000000,true,1760393174,t.me/+2cYFlwjKuy40NzA0
8001,user_n_1,User1,Last1,,false,1760393174,t.me/+2cYFlwjKuy40NzA0
8002,user_n_2,User2,Last2,,false,1760393174,t.me/+2cYFlwjKuy40NzA0
8003,user_n_3,User3,Last3,,false,1760393174,t.me/+2cYFlwjKuy40NzA0
8004,user_n_4,User4,Last4,,false,1760393174,t.me/+2cYFlwjKuy40NzA0
8005,user_n_5,User5,Last5,+10000000005,false,1760393174,t.me/+2cYFlwjKuy40NzA0
8006,user_n_6,User6,Last6,,false,1760393174,t.me/+2cYFlwjKuy40NzA0
8007,user_n_7,User7,Last7,,false,1760393174,t.me/+2cYFlwjKuy40NzA0
8008,user_n_8,User8,Last8,,false,1760393174,t.me/+2cYFlwjKuy40NzA0
8009,user_n_9,User9,Last9,,false,1760393174,t.me/+2cYFlwjKuy40NzA0
8010,user_n_10,User10,Last10,+10000000010,true,1760393174,t.me/+2cYFlwjKuy40NzA0
8011,user_n_11,User11,Last11,,false,1760393174,t.me/+2cYFlwjKuy40NzA0
8012,user_n_12,User12,Last12,,false,1760393174,t.me/+2cYFlwjKuy40NzA0
8013,user_n_13,User13,Last13,,false,1760393174,t.me/+2cYFlwjKuy40NzA0
8014,user_n_14,User14,Last14,,false,1760393174,t.me/+2cYFlwjKuy40NzA0
8015,user_n_15,User15,Last15,+10000000015,false,1760393174,t.me/+2cYFlwjKuy40NzA0
8016,user_n_16,User16,Last16,,false,1760393174,t.me/+2cYFlwjKuy40NzA0
8017,user_n_17,User17,Last17,,false,1760393174,t.me/+2cYFlwjKuy40NzA0
8018,user_n_18,User18,Last18,,false,1760393174,t.me/+2cYFlwjKuy40NzA0
8019,user_n_19,User19,Last19,,false,1760393174,t.me/+2cYFlwjKuy40NzA0
8020,user_n_20,User20,Last20,+10000000020,true,1760393174,t.me/+2cYFlwjKuy40NzA0
8021,user_n_21,User21,Last21,,false,1760393174,t.me/+2cYFlwjKuy40NzA0
8022,user_n_22,User22,Last22,,false,1760393174,t.me/+2cYFlwjKuy40NzA0
8023,user_n_23,User23,Last23,,false,1760393174,t.me/+2cYFlwjKuy40NzA0
8024,user_n_24,User24,Last24,,false,1760393174,t.me/+2cYFlwjKuy40NzA0
8025,user_n_25,User25,Last25,+10000000025,false,1760393174,t.me/+2cYFlwjKuy40NzA0
8026,user_n_26,User26,Last26,,false,1760393174,t.me/+2cYFlwjKuy40NzA0
8027,user_n_27,User27,Last27,,false,1760393174,t.me/+2cYFlwjKuy40NzA0
8028,user_n_28,User28,Last28,,false,1760393174,t.me/+2cYFlwjKuy40NzA0
8029,user_n_29,User29,Last29,,false,1760393174,t.me/+2cYFlwjKuy40NzA0
8030,user_n_30,User30,Last30,+10000000030,true,1760393174,t.me/+2cYFlwjKuy40NzA0
8031,user_n_31,User31,Last31,,false,1760393174,t.me/+2cYFlwjKuy40NzA0
8032,user_n_32,User32,Last32,,false,1760393174,t.me/+2cYFlwjKuy40NzA0
8033,user_n_33,User33,Last33,,false,1760393174,t.me/+2cYFlwjKuy40NzA0
8034,user_n_34,User34,Last34,,false,1760393174,t.me/+2cYFlwjKuy40NzA0
8035,user_n_35,User35,Last35,+10000000035,false,1760393174,t.me/+2cYFlwjKuy40NzA0
8036,user_n_36,User36,Last36,,false,1760393174,t.me/+2cYFlwjKuy40NzA0
8037,user_n_37,User37,Last37,,false,1760393174,t.me/+2cYFlwjKuy40NzA0
8038,user_n_38,User38,Last38,,false,1760393174,t.me/+2cYFlwjKuy40NzA0
8039,user_n_39,User39,Last39,,false,1760393174,t.me/+2cYFlwjKuy40NzA0
8040,user_n_40,User40,Last40,+10000000040,true,1760393174,t.me/+2cYFlwjKuy40NzA0
8041,user_n_41,User41,Last41,,false,1760393174,t.me/+2cYFlwjKuy40NzA0
8042,user_n_42,User42,Last42,,false,1760393174,t.me/+2cYFlwjKuy40NzA0
8043,user_n_43,User43,Last43,,false,1760393174,t.me/+2cYFlwjKuy40NzA0
8044,user_n_44,User44,Last44,,false,1760393174,t.me/+2cYFlwjKuy40NzA0
8045,user_n_45,User45,Last45,+10000000045,false,1760393174,t.me/+2cYFlwjKuy40NzA0
8046,user_n_46,User46,Last46,,false,1760393174,t.me/+2cYFlwjKuy40NzA0
8047,user_n_47,User47,Last47,,false,1760393174,t.me/+2cYFlwjKuy40NzA0
8048,user_n_48,User48,Last48,,false,1760393174,t.me/+2cYFlwjKuy40NzA0
8049,user_n_49,User49,Last49,,false,1760393174,t.me/+2cYFlwjKuy40NzA0
9000,user_r_0,User0,Last0,+10000000000,true,1760393174,t.me/+2cYFlwjKuy40NzA0
9001,user_r_1,User1,Last1,,false,1760393174,t.me/+2cYFlwjKuy40NzA0
9002,user_r_2,User2,Last2,,false,1760393174,t.me/+2cYFlwjKuy40NzA0
9003,user_r_3,User3,Last3,,false,1760393174,t.me/+2cYFlwjKuy40NzA0
9004,user_r_4,User4,Last4,,false,1760393174,t.me/+2cYFlwjKuy40NzA0
9005,user_r_5,User5,Last5,+10000000005,false,1760393174,t.me/+2cYFlwjKuy40NzA0
9006,user_r_6,User6,Last6,,false,1760393174,t.me/+2cYFlwjKuy40NzA0
9007,user_r_7,User7,Last7,,false,1760393174,t.me/+2cYFlwjKuy40NzA0
9008,user_r_8,User8,Last8,,false,1760393174,t.me/+2cYFlwjKuy40NzA0
9009,user_r_9,User9,Last9,,false,1760393174,t.me/+2cYFlwjKuy40NzA0
9010,user_r_10,User10,Last10,+10000000010,true,1760393174,t.me/+2cYFlwjKuy40NzA0
9011,user_r_11,User11,Last11,,false,1760393174,t.me/+2cYFlwjKuy40NzA0
9012,user_r_12,User12,Last12,,false,1760393174,t.me/+2cYFlwjKuy40NzA0
9013,user_r_13,User13,Last13,,false,1760393174,t.me/+2cYFlwjKuy40NzA0
9014,user_r_14,User14,Last14,,false,1760393174,t.me/+2cYFlwjKuy40NzA0
9015,user_r_15,User15,Last15,+10000000015,false,1760393174,t.me/+2cYFlwjKuy40NzA0
9016,user_r_16,User16,Last16,,false,1760393174,t.me/+2cYFlwjKuy40NzA0
9017,user_r_17,User17,Last17,,false,1760393174,t.me/+2cYFlwjKuy40NzA0
9018,user_r_18,User18,Last18,,false,1760393174,t.me/+2cYFlwjKuy40NzA0
9019,user_r_19,User19,Last19,,false,1760393174,t.me/+2cYFlwjKuy40NzA0
9020,user_r_20,User20,Last20,+10000000020,true,1760393174,t.me/+2cYFlwjKuy40NzA0
9021,user_r_21,User21,Last21,,false,1760393174,t.me/+2cYFlwjKuy40NzA0
9022,user_r_22,User22,Last22,,false,1760393174,t.me/+2cYFlwjKuy40NzA0
9023,user_r_23,User23,Last23,,false,1760393174,t.me/+2cYFlwjKuy40NzA0
9024,user_r_24,User24,Last24,,false,1760393174,t.me/+2cYFlwjKuy40NzA0
9025,user_r_25,User25,Last25,+10000000025,false,1760393174,t.me/+2cYFlwjKuy40NzA0
9026,user_r_26,User26,Last26,,false,1760393174,t.me/+2cYFlwjKuy40NzA0
9027,user_r_27,User27,Last27,,false,1760393174,t.me/+2cYFlwjKuy40NzA0
9028,user_r_28,User28,Last28,,false,1760393174,t.me/+2cYFlwjKuy40NzA0
9029,user_r_29,User29,Last29,,false,1760393174,t.me/+2cYFlwjKuy40NzA0
9030,user_r_30,User30,Last30,+10000000030,true,1760393174,t.me/+2cYFlwjKuy40NzA0
9031,user_r_31,User31,Last31,,false,1760393174,t.me/+2cYFlwjKuy40NzA0
9032,user_r_32,User32,Last32,,false,1760393174,t.me/+2cYFlwjKuy40NzA0
9033,user_r_33,User33,Last33,,false,1760393174,t.me/+2cYFlwjKuy40NzA0
9034,user_r_34,User34,Last34,,false,1760393174,t.me/+2cYFlwjKuy40NzA0
9035,user_r_35,User35,Last35,+10000000035,false,1760393174,t.me/+2cYFlwjKuy40NzA0
9036,user_r_36,User36,Last36,,false,1760393174,t.me/+2cYFlwjKuy40NzA0
9037,user_r_37,User37,Last37,,false,1760393174,t.me/+2cYFlwjKuy40NzA0
9038,user_r_38,User38,Last38,,false,1760393174,t.me/+2cYFlwjKuy40NzA0
9039,user_r_39,User39,Last39,,false,1760393174,t.me/+2cYFlwjKuy40NzA0
9040,user_r_40,User40,Last40,+10000000040,true,1760393174,t.me/+2cYFlwjKuy40NzA0
9041,user_r_41,User41,Last41,,false,1760393174,t.me/+2cYFlwjKuy40NzA0
9042,user_r_42,User42,Last42,,false,1760393174,t.me/+2cYFlwjKuy40NzA0
9043,user_r_43,User43,Last43,,false,1760393174,t.me/+2cYFlwjKuy40NzA0
9044,user_r_44,User44,Last44,,false,1760393174,t.me/+2cYFlwjKuy40NzA0
9045,user_r_45,User45,Last45,+10000000045,false,1760393174,t.me/+2cYFlwjKuy40NzA0
9046,user_r_46,User46,Last46,,false,1760393174,t.me/+2cYFlwjKuy40NzA0
9047,user_r_47,User47,Last47,,false,1760393174,t.me/+2cYFlwjKuy40NzA0
9048,user_r_48,User48,Last48,,false,1760393174,t.me/+2cYFlwjKuy40NzA0
9049,user_r_49,User49,Last49,,false,1760393174,t.me/+2cYFlwjKuy40NzA0
